<?xml version="1.0" encoding="UTF-8" standalone="yes"?>
<addon id="tools.vlc3"
       name="Vlc Player 3"
       version="9.2.0.68"
       provider-name="Team LibreELEC">
  <requires>
    <import addon="os.libreelec.tv" version="9.1"/>
    <import addon="xbmc.python" version="2.1.0"/>

  </requires>
  <extension point="xbmc.python.script" library="default.py">
    <provides></provides>
  </extension>
  <extension point="xbmc.addon.metadata">
    <summary>VLC (Version: 3.0.8): is VideoLAN multimedia player and streamer</summary>
    <description>
VLC (Version: 3.0.8): is the VideoLAN project's media player. It plays MPEG, MPEG2, MPEG4, DivX, MOV, WMV, QuickTime, mp3, Ogg/Vorbis files, DVDs, VCDs, and multimedia streams from various network sources.
    </description>
    <disclaimer>

    </disclaimer>
    <platform>all</platform>
    <news>

    </news>
    <assets>
      <icon>resources/icon.png</icon>
      <fanart>resources/fanart.png</fanart>

    </assets>
  </extension>
</addon>
