<?xml version="1.0" encoding="UTF-8" standalone="yes"?>
<addon id="service.transmission4"
       name="Transmission"
       version="11.0.0.13"
       provider-name="Team LibreELEC">
  <requires>
    <import addon="xbmc.python" version="3.0.0"/>

  </requires>
  <extension point="xbmc.service" library="default.py">
    <provides></provides>
  </extension>
  <extension point="xbmc.addon.metadata">
    <summary>transmission: a fast, easy and free BitTorrent client</summary>
    <description>
transmission(4.0.3) is a fast, easy and free BitTorrent client
    </description>
    <disclaimer>

    </disclaimer>
    <platform>all</platform>
    <news>

    </news>
    <assets>
      <icon>resources/icon.png</icon>
      <fanart>resources/fanart.png</fanart>

    </assets>
  </extension>
</addon>
