<?xml version="1.0" encoding="UTF-8" standalone="yes"?>
<addon id="tools.poppler"
       name="poppler"
       version="9.1.6"
       provider-name="Team LibreELEC">
  <requires>
    <import addon="os.libreelec.tv" version="9.1"/>
    <import addon="xbmc.python" version="2.1.0"/>

  </requires>
  <extension point="xbmc.python.script" library="default.py">
    <provides></provides>
  </extension>
  <extension point="xbmc.addon.metadata">
    <summary>Poppler is a PDF rendering library based on the xpdf-3.0 code base.</summary>
    <description>
Poppler is a PDF rendering library based on the xpdf-3.0 code base.
    </description>
    <disclaimer>

    </disclaimer>
    <platform>all</platform>
    <news>

    </news>
    <assets>
      <icon>resources/icon.png</icon>
      <fanart>resources/fanart.png</fanart>

    </assets>
  </extension>
</addon>
