<?xml version="1.0" encoding="UTF-8" standalone="yes"?>
<addon id="tools.dvb-tools"
       name="DVB Tools"
       version="10.0.111"
       provider-name="Team LibreELEC">
  <requires>
    <import addon="xbmc.python" version="3.0.0"/>

  </requires>
  <extension point="xbmc.python.script" library="default.py">
    <provides></provides>
  </extension>
  <extension point="xbmc.addon.metadata">
    <summary>DVB-Tools: is a bundle of dvb tools and programs</summary>
    <description>
This bundle currently includes blindscan-s2, dvb-apps, dvblast, dvbsnoop, mumudvb, szap-s2, tune-s2, t2scan and w_scan.
    </description>
    <disclaimer>

    </disclaimer>
    <platform>all</platform>
    <news>
107
- dvblast: update to 2021-01-07
- mumudvb: update to 2021-01-06
- t2scan: update to 0.7

106
- updated dvblast to 2020-03-02
- updated mumudvb to 2020-02-20
- updated t2scan to 2020-05-18

105
- added t2scan
- updated bitstream to 1.4
- updated blindscan-s2 to 192eaf0
- updated dvblast to acf3844
- updated dvbsnoop to badf61f
- updated mumudvb to 6153f87

104
- remove dvb-fe-tool, it's already included in the image
- updated MuMuDVB to a09373d
- updated dvblast to 77cfaa8

103
- added blindscan-s2
- added dvbsnoop
- added szap-s2
- added tune-s2
- updated dvb-fe-tool to 1.12.5
- updated MuMuDVB to 596f7db

102
- added MuMuDVB
- updated w_scan to 20170107
- updated dvblast to 3.1
- updated dvb-fe-tool to 1.12.3

101
- added w_scan

100
- Initial Release
    </news>
    <assets>
      <icon>resources/icon.png</icon>
      <fanart>resources/fanart.png</fanart>

    </assets>
  </extension>
</addon>
